1,ACGAAGAGACAATTC,eld_013
2,CTAAGGCCTACAATTC,eld_060
3,GGTCAGAGACAATTC,pmo_020
4,CCTATAGCTACAATTC,pmo_033
5,AACCGGAGCAATTC,tmb_023
6,CAATGGAGACAATTC,tmb_067
7,CCTCGGCTTACAATTC,bob_038
8,AGAACCGGCAATTC,bob_095
9,CAGAGAGGACAATTC,lhp_028
10,TCATTGCTTACAATTC,lhp_071
11,AATGGCGGCAATTC,nyc_015
12,CGTCTAGGACAATTC,nyc_066
13,CAAGGATCTACAATTC,eld_016
14,CGATATAGCAATTC,eld_067
15,TAAGATAGACAATTC,pmo_056
16,CGCCTATCTACAATTC,pmo_035
17,ACTCTTAGCAATTC,tmb_011
18,ACTTCTAGACAATTC,tmb_075
19,GGACCTCTTACAATTC,bob_043
20,GTATTCGGCAATTC,bob_099
21,TACGGCGGACAATTC,lhp_037
22,ACGTCTCTTACAATTC,lhp_076
23,CAGCCTGGCAATTC,nyc_022
24,AGATGCGGACAATTC,nyc_067
25,TCCTACTCTACAATTC,eld_021
26,CGGAGACGCAATTC,eld_068
27,AGACTTAGACAATTC,pmo_058
28,TTGGTCTCTACAATTC,pmo_060
29,GTCTGACGCAATTC,tmb_030
30,AGGATACGACAATTC,tmb_085
31,GGAGAAGTTACAATTC,bob_050
32,ATCGCTGGCAATTC,bob_004
33,GCTATCGGACAATTC,lhp_045
34,CTAACCGTTACAATTC,lhp_084
35,TGAGTTGGCAATTC,nyc_034
36,TTCTTCGTTACAATTC,nyc_068
37,AGACCGTCTACAATTC,eld_022
38,ACCATACGCAATTC,eld_085
39,TAACTACGACAATTC,pmo_081
40,AGCGATAGTACAATTC,pmo_077
41,GAAGTACGCAATTC,tmb_032
42,TATTACCGACAATTC,tmb_094
43,TAACCATGCAATTC,bob_054
44,AGCCAATGACAATTC,bob_088
45,ACTACGGTTACAATTC,lhp_048
46,ACCTACTGCAATTC,lhp_091
47,TCATAATGACAATTC,nyc_036
48,GAACTGGTTACAATTC,nyc_089
49,CTACTTAGTACAATTC,sav_028
50,GGTAACCGCAATTC,sav_037
51,CGCGTCCGACAATTC,ebp_042
52,TAAGCCGGTACAATTC,ebp_025
53,CTGGTCCGCAATTC,dns_008
54,GACGAGCGACAATTC,dns_075
55,TTCAACTGACAATTC,dhd_020
56,TTCAACCAACCAATTC,dhd_055
57,GTTACTTGCAATTC,dhh_098
58,ATGACTTGACAATTC,dhh_047
59,AAGGACCAACCAATTC,fpa_054
60,AGCGTAATCAATTC,fpa_016
61,GTCGCTGGTACAATTC,sav_009
62,ATGAAGCGCAATTC,sav_038
63,CGTTCGCGACAATTC,ebp_099
64,TGGTCTGGTACAATTC,ebp_032
65,AGTTCGCGCAATTC,dns_035
66,TCTAGGCGACAATTC,dns_077
67,CGGCGTTGACAATTC,dhd_025
68,GGAGGCCAACCAATTC,dhd_067
69,CAGTTAATCAATTC,dhh_009
70,GAACCAATACAATTC,dhh_048
71,GTCTCGCAACCAATTC,fpa_001
72,ACTTCCATCAATTC,fpa_022
73,CGCATTGGTACAATTC,sav_010
74,CATATGCGCAATTC,sav_045
75,ATGCGGCGACAATTC,ebp_005
76,TCCGCGATTACAATTC,ebp_044
77,GTTGAAGGCAATTC,dns_038
78,ATCTATCGACAATTC,dns_010
79,AGCAGAATACAATTC,dhd_028
80,CTACGGCAACCAATTC,dhd_075
81,GCGCGGATCAATTC,dhh_018
82,TGGCTAATACAATTC,dhh_056
83,CGTCGTATCAATTC,fpa_011
84,CCATTAATACAATTC,fpa_025
85,TGCCGACTTACAATTC,sav_014
86,TCCTCAGGCAATTC,sav_067
87,CTAAGTCGACAATTC,ebp_009
88,GTTGCGCTTACAATTC,ebp_055
89,CGTCTAGGCAATTC,dns_046
90,GTTGAAGGACAATTC,dns_011
91,AGCCAAGAACCAATTC,dhd_030
92,ACGTAACTCAATTC,dhd_077
93,TTGACCATACAATTC,dhh_023
94,TTGGCAGAACCAATTC,dhh_062
95,GTTATACTCAATTC,fpa_053
96,AATGCCATACAATTC,fpa_027
97,CTCTAGCTCAATTC,gal_003
98,GGAGGCATACAATTC,gal_057
99,AAGCCATAACCAATTC,ave_008
100,TGGCATCTCAATTC,ave_063
101,AACCAGATACAATTC,far_009
102,ACTAACTAACCAATTC,far_072
103,ATAGAGGTACAATTC,gal_011
104,CCAGGTCGCCCAATTC,gal_066
105,CAGTAGGTACAATTC,ave_022
106,TAACTTCGCCCAATTC,ave_078
107,CGCTACTTACAATTC,far_017
108,TTCTCTGGCCCAATTC,far_085
109,GAATGAGTCAATTC,gal_016
110,CTTCCGATACAATTC,gal_077
111,TAGAGCTAACCAATTC,ave_039
112,GCCGTCGTCAATTC,ave_084
113,TCAGCGATACAATTC,far_029
114,GTATCAAGACCAATTC,far_058
115,ATTCGCTTACAATTC,gal_023
116,GCTGACTGCCCAATTC,gal_086
117,ACCATCTTACAATTC,ave_017
118,CTCTACTGCCCAATTC,ave_035
119,AAGAGGTTACAATTC,far_047
120,AATTCCTGCCCAATTC,far_025
121,CCGGCGGTCAATTC,fdm_008
122,AGGTCGATACAATTC,fdm_091
123,ATTAGCAGACCAATTC,fpl_080
124,ACTATGGTCAATTC,fpl_064
125,GCGCGGATACAATTC,fjs_021
126,CGTCGGAGACCAATTC,fjs_029
127,GGTTGGTTACAATTC,fdm_031
128,AGAGTCTGCCCAATTC,fdm_084
129,GCGACCAACCAATTC,fpl_019
130,TGCGATTGCCCAATTC,fpl_071
131,TTACGCAACCAATTC,fjs_023
132,TCTGCCATCCCAATTC,mng_105
133,AGAAGATTCAATTC,fdm_069
134,GTCTTGATACAATTC,fdm_035
135,TACTATCGACCAATTC,fpl_050
136,GATAATATACAATTC,fpl_093
137,TCCGTTGGACCAATTC,fjs_025
138,GGATCCTTCAATTC,mng_112
139,GACTGCAACCAATTC,fdm_073
140,CTGCTCATCCCAATTC,fdm_075
141,AGATTGATCCCAATTC,fpl_058
142,CGTAAGAACCAATTC,fpl_100
143,AATATTATCCCAATTC,fjs_027
144,GTCGAGAACCAATTC,mng_119
145,TCGTATATACAATTC,mng_131
146,AACCTCTGACCAATTC,fjs_015
147,CAACGCTTCAATTC,mng_148
148,CTCGGTATACAATTC,mng_140
149,TTAATGGTACCAATTC,fjs_017
150,GGTCAGTTCAATTC,mng_176
151,ATGGAACTCCCAATTC,fjs_011
152,CAACCGAACCAATTC,fjs_019
153,TAATAACTCCCAATTC,mng_185
154,ATGAGGAACCAATTC,fjs_013
155,TGGCGGCTCCCAATTC,mng_134
156,GCTCTGAACCAATTC,mng_189
157,TTATGACTACAATTC,ris_019
158,TTCGGATTACCAATTC,ris_079
159,ATTGCGTTCAATTC,grb_031
160,GTTCTACTACAATTC,grb_064
161,TAAGACTTACCAATTC,wwf_009
162,CATAGCCTACAATTC,wwf_062
163,CGCAGTCTCCCAATTC,osh_030
164,TGATTGAACCAATTC,osh_094
165,ACGGATAACCAATTC,uho_034
166,TAGGCGGTCCCAATTC,uho_024
167,TGGCCTAACCAATTC,cfj_037
168,GACTTGGTCCCAATTC,cfj_079
169,AGTTAGTTACCAATTC,ris_021
170,GAATTCCTACAATTC,ris_081
171,ATATCCAACCCAATTC,grb_034
172,AGTCATCTACAATTC,grb_073
173,TCAGCGTACCCAATTC,wwf_011
174,GCCTCTCTACAATTC,wwf_070
175,CTTGCTAACCAATTC,osh_037
176,GTATTATTCCCAATTC,osh_089
177,CCAATTAACCAATTC,uho_038
178,TGCTTCTTCCCAATTC,uho_022
179,CTATAAGACCAATTC,cfj_049
180,GTCGCGTTCCCAATTC,cfj_083
181,TGCATTCTACAATTC,ris_038
182,CAGATAAGCCCAATTC,ris_088
183,AAGGTTCTACAATTC,grb_036
184,CCTTCTAGCCCAATTC,grb_080
185,CCTTCCGTACAATTC,wwf_013
186,TCTCGCCGCCCAATTC,wwf_072
187,TCTCCAGACCAATTC,osh_043
188,GTTCGCAAGCCAATTC,osh_100
189,ACCGGAGACCAATTC,uho_039
190,CCATTCAAGCCAATTC,uho_046
191,GTTATAGACCAATTC,cfj_056
192,CGCAATAAGCCAATTC,cfj_091
193,AGTCGCGACCAATTC,ris_041
194,GAGGCTAAGCCAATTC,ris_093
195,CTCCTCGACCAATTC,grb_038
196,AGACGTAAGCCAATTC,grb_081
197,ACGTTCGACCAATTC,wwf_015
198,GGTCCGCAGCCAATTC,wwf_086
199,ATCAATACCCAATTC,osh_051
200,GCCTCTCGGCCAATTC,osh_074
201,AGATCTACCCAATTC,uho_040
202,CGAAGATGGCCAATTC,uho_069
203,GAGAGTACCCAATTC,cfj_058
204,GGAGCTTGGCCAATTC,cfj_035
205,GATTAGGACCAATTC,sav_021
206,ACTAGGCAGCCAATTC,sav_075
207,TTAGCGGACCAATTC,ebp_010
208,TGGCTAGAGCCAATTC,ebp_059
209,AGCTCGGACCAATTC,dns_060
210,GATGACGAGCCAATTC,dns_012
211,TTGGTTACCCAATTC,dhd_033
212,GCGCGGATGCCAATTC,dhd_080
213,TTGATTATGCCAATTC,dhh_028
214,GCGTAAGCCCAATTC,dhh_073
215,GCGTTACTGCCAATTC,fpa_057
216,CATCGAGCCCAATTC,fpa_029
217,TAGCTGGACCAATTC,sav_025
218,AGGACGGAGCCAATTC,sav_078
219,GAGGCTGACCAATTC,ebp_015
220,GCATGGTAGCCAATTC,ebp_062
221,AGAGTTGACCAATTC,dns_063
222,GTCTAGACGCCAATTC,dns_016
223,GGTAGCCTGCCAATTC,dhd_040
224,AAGGACGCCCAATTC,dhd_085
225,TTAGCGCTGCCAATTC,dhh_039
226,GGAACCGCCCAATTC,dhh_074
227,CATCCTCTGCCAATTC,fpa_069
228,CTGAAGGCCCAATTC,fpa_038
229,TGCAGATACCAATTC,sav_033
230,TATCTGACGCCAATTC,sav_080
231,GAAGTATACCAATTC,ebp_020
232,TGCGGTACGCCAATTC,ebp_068
233,CGAGCCTACCAATTC,dns_064
234,TTGAAGCCGCCAATTC,dns_048
235,AACCAATTGCCAATTC,dhd_049
236,GCCATGGCCCAATTC,dhd_091
237,GATTCATTGCCAATTC,dhh_042
238,CGACTGGCCCAATTC,dhh_080
239,ATCTCCTTGCCAATTC,fpa_002
240,ACTCATGCCCAATTC,fpa_059
241,CCTAGCTACCAATTC,sav_034
242,CCGGCAGCGCCAATTC,sav_086
243,AGGCAGTACCAATTC,ebp_021
244,AGCAACGCGCCAATTC,ebp_080
245,TTGAATTACCAATTC,dns_067
246,GCAACCGCGCCAATTC,dns_069
247,TCAAGCTTGCCAATTC,dhd_053
248,GGTCCATCCCAATTC,dhd_095
249,ATGAGGTTGCCAATTC,dhh_045
250,ACGATATCCCAATTC,dhh_085
251,TGGTCCAATCCAATTC,fpa_006
252,GTTAACTCCCAATTC,fpa_074
253,TAATCTTACCAATTC,gal_010
254,GAATATGCGCCAATTC,gal_060
255,ATCCGTTACCAATTC,ave_015
256,TACGCGTCGCCAATTC,ave_076
257,AAGCCAACCCAATTC,far_015
258,ACGTCTTCGCCAATTC,far_075
259,GAGAATCATCCAATTC,gal_014
260,ATCTCCTCCCAATTC,gal_074
261,CTCCTAGATCCAATTC,ave_032
262,GAACGCTCCCAATTC,ave_081
263,TCTTACGATCCAATTC,far_019
264,AATATGGATCCAATTC,far_056
265,CCTTCAACCCAATTC,gal_017
266,CATGGTTCGCCAATTC,gal_084
267,CGAAGAACCCAATTC,ave_087
268,TTACGAAGGCCAATTC,ave_085
269,ATTGGAACCCAATTC,far_043
270,GAAGTCAGGCCAATTC,far_062
271,CGGTTCTCCCAATTC,gal_039
272,TATTGATATCCAATTC,gal_090
273,CAAGAGTCCCAATTC,ave_060
274,GGCATATATCCAATTC,ave_088
275,CCGCCGTCCCAATTC,far_060
276,ACTTCGTATCCAATTC,far_013
277,TATATAACCCAATTC,fdm_009
278,ATCCGCCGGCCAATTC,fdm_096
279,GTATTAACCCAATTC,fpl_034
280,CATATCCGGCCAATTC,fpl_067
281,ACCGCGACCCAATTC,fjs_022
282,TATGAGCGGCCAATTC,fjs_030
283,TCAAGGTCCCAATTC,fdm_064
284,GACCATACTCCAATTC,fdm_090
285,CGCCATTCCCAATTC,fpl_049
286,TTATATACTCCAATTC,fpl_083
287,CTAACTTCCCAATTC,fjs_024
288,AGTAGTTCCCAATTC,mng_107
289,TCCGGACCTCCAATTC,fdm_068
290,TCCTGAAGCCAATTC,fdm_039
291,AGGCTGCCTCCAATTC,fpl_056
292,GGTAGCAGCCAATTC,fpl_094
293,CCAATTCCTCCAATTC,fjs_026
294,CAGCGCAGCCAATTC,mng_116
295,GAGGCGCAAGCAATTC,fdm_081
296,CATACCGGCCAATTC,fdm_017
297,ACGCGGCAAGCAATTC,fpl_059
298,GCCTCCGGCCAATTC,fpl_057
299,CGCTGGCAAGCAATTC,fjs_028
300,TTGATCGGCCAATTC,mng_121
301,CATAATGCTCCAATTC,mng_137
302,ATTCTCAGCCAATTC,fjs_016
303,GTACTTGCTCCAATTC,mng_166
304,GCAGTCAGCCAATTC,mng_143
305,TTACCATCTCCAATTC,fjs_018
306,AGAGAGAGCCAATTC,mng_183
307,GGATCTCAAGCAATTC,fjs_012
308,GTTCCTGGCCAATTC,fjs_020
309,CAAGGTCAAGCAATTC,mng_188
310,CAGGCATGCCAATTC,fjs_014
311,CTATCAGAAGCAATTC,mng_135
312,CTACGATGCCAATTC,mng_192
313,AACGCCAACAATTC,aka_101
314,CCAGAACCAACAATTC,aka_134
315,CGGTCCAACAATTC,fut_009
316,AGGTACCAACAATTC,fut_035
317,AGGTAACCAACAATTC,usu_114
318,CTCAGCAACAATTC,usu_172
319,GAAGGTAACAATTC,shk_012
320,TTACCTCAACAATTC,shk_063
321,CTTGCAGCAACAATTC,waj_125
322,ACGAGTCAACAATTC,waj_176
323,AGAACCGCAACAATTC,hik_112
324,GTCGACCACAATTC,hik_156
325,TGAAGCCAACAATTC,aka_115
326,AGACGCAACAATTC,aka_141
327,AACCGCCAACAATTC,fut_013
328,TCGCGACCAACAATTC,fut_036
329,TCTGGCAACAATTC,usu_118
330,GTTGGCCAACAATTC,usu_176
331,GCAGTTCAACAATTC,shk_029
332,AGCCTGGCAACAATTC,shk_064
333,AATTACCACAATTC,waj_127
334,GGTAATGCAACAATTC,waj_177
335,ATAATCCACAATTC,hik_123
336,TGAGAAGAACAATTC,hik_160
337,ATCGGACCAACAATTC,aka_116
338,TAGATCAACAATTC,aka_143
339,CTGATCCAACAATTC,fut_014
340,CATTGACCAACAATTC,fut_040
341,GTTCTCAACAATTC,usu_149
342,TCTCTCCAACAATTC,usu_181
343,GGTCCATCAACAATTC,shk_031
344,CGCCTCCACAATTC,shk_067
345,AGGCCAGAACAATTC,waj_128
346,TCCATATCAACAATTC,waj_178
347,CGAACGCACAATTC,hik_127
348,CATGCAGAACAATTC,hik_162
349,CTGATACCAACAATTC,aka_126
350,AATAAGCAACAATTC,aka_172
351,ACCAAGCCAACAATTC,fut_015
352,CAGCAGAACAATTC,fut_044
353,CGCCAGCAACAATTC,usu_156
354,CGTCAGCCAACAATTC,usu_182
355,TTACGCTCAACAATTC,shk_047
356,ACGCCGCACAATTC,shk_075
357,GCATCAGAACAATTC,waj_143
358,GATGCGCACAATTC,waj_187
359,ATAAGAGAACAATTC,hik_128
360,GACGCAAGAACAATTC,hik_165
361,TGAGAGAACAATTC,aka_128
362,TCGGAGCAACAATTC,aka_174
363,TAGGAGCCAACAATTC,fut_016
364,GTCTCGAACAATTC,fut_049
365,GTATAGCAACAATTC,usu_163
366,GTATAGCCAACAATTC,usu_188
367,GTACGGCACAATTC,shk_051
368,CGCTGAGAACAATTC,shk_077
369,CCGTCAAGAACAATTC,waj_159
370,CTTCATCACAATTC,waj_190
371,TCCATAGAACAATTC,hik_129
372,TCAAGAAGAACAATTC,hik_172
373,GGTAGGAACAATTC,aka_131
374,CCAACGCAACAATTC,aka_181
375,GATACGCCAACAATTC,fut_017
376,CCATGGAACAATTC,fut_050
377,GAGCCGCAACAATTC,usu_164
378,TCTTATCCAACAATTC,usu_195
379,GCATATCACAATTC,shk_052
380,TAGAACGAACAATTC,shk_080
381,CTCCGAAGAACAATTC,waj_160
382,TCCGCTCACAATTC,waj_192
383,ACTGACGAACAATTC,hik_131
384,GGTTGAAGAACAATTC,hik_193
385,GGCCATAACAATTC,aka_132
386,ATCGCGCAACAATTC,aka_189
387,TTAACTCCAACAATTC,fut_018
388,ATGGATAACAATTC,fut_051
389,TACTTGCAACAATTC,usu_168
390,GCCGCTCCAACAATTC,usu_197
391,AGCAGTCACAATTC,shk_053
392,GGCGCCGAACAATTC,shk_082
393,TTGGTAAGAACAATTC,waj_165
394,GAGCTTCACAATTC,waj_193
395,CCGCGCGAACAATTC,hik_143
396,TGGACCAGAACAATTC,hik_195
397,CATACTAACAATTC,aka_133
398,CCTTATCAACAATTC,aka_191
399,TGCGAAGCAACAATTC,fut_024
400,TTACCTAACAATTC,fut_064
401,GGTACTCAACAATTC,usu_169
402,TAACCAGCAACAATTC,usu_200
403,GCGCAAGACAATTC,shk_054
404,TTATTCGAACAATTC,shk_090
405,TCCTCTTGAACAATTC,waj_167
406,GGAATGGAACAATTC,waj_196
407,TCTCGCATAACAATTC,hik_152
408,AGCTAAGACAATTC,hik_200
409,ATTCTGGAACAATTC,eld_001
410,AAGTTGCTAACAATTC,eld_024
411,AATCCAGACAATTC,pmo_079
412,AGCAATGAACAATTC,pmo_002
413,ATAGTCGTAACAATTC,tmb_065
414,CCTAGAGACAATTC,tmb_035
415,ACCTCGTCCACAATTC,bob_009
416,CCAGTCTACAATTC,bob_062
417,TAACGGTAACAATTC,lhp_002
418,CGAGGAAGCACAATTC,lhp_055
419,ATATAGTACAATTC,nyc_006
420,AATCCTTAACAATTC,nyc_039
421,CTGGATGAACAATTC,eld_077
422,TGCAACTTAACAATTC,eld_028
423,GGAATAGACAATTC,pmo_095
424,CAACTTGAACAATTC,pmo_010
425,AAGCCAACCACAATTC,tmb_001
426,TTCGTAGACAATTC,tmb_038
427,AAGAGGTACAATTC,bob_011
428,AGGCGCAGCACAATTC,bob_069
429,TTCAATTACAATTC,lhp_010
430,CATCTCAGCACAATTC,lhp_001
431,CCGCGTTACAATTC,nyc_008
432,GGTTAACCACAATTC,nyc_045
433,CTTCAATAACAATTC,eld_005
434,CTTGCCGACAATTC,eld_051
435,AAGGAATAACAATTC,pmo_003
436,CGCTCAACCACAATTC,pmo_028
437,GACCGCGACAATTC,tmb_019
438,TTCTCATAACAATTC,tmb_044
439,AATTGGAGCACAATTC,bob_018
440,CCTCCAACCAATTC,bob_072
441,GTCAGACCACAATTC,lhp_013
442,CAGGAACGCACAATTC,lhp_060
443,TTGCGAACCAATTC,nyc_011
444,AGACGACCACAATTC,nyc_056
445,ATAAGAACCACAATTC,eld_010
446,ACGTTCGACAATTC,eld_055
447,GATAGATAACAATTC,pmo_001
448,CCTCGAACCACAATTC,pmo_030
449,TATAAGGACAATTC,tmb_021
450,CCAGGATAACAATTC,tmb_055
451,AACTCTCGCACAATTC,bob_036
452,CCTATACCACAATTC,bob_091
453,AATGCAGGCACAATTC,lhp_017
454,ACCTGAACCAATTC,lhp_070
455,CTTGAGCCACAATTC,nyc_013
456,TTGGACGGCACAATTC,nyc_061
457,GTCCTAACCACAATTC,hay_106
458,CTGATGGACAATTC,hay_127
459,GCGCTATAACAATTC,mng_118
460,CTGCAGACCACAATTC,mng_144
461,TGGACTGACAATTC,sou_032
462,AGATTATAACAATTC,sou_057
463,AATATAACCAATTC,cnt_001
464,ACTCCGCCACAATTC,cnt_036
465,TTAATTGGCACAATTC,mou_002
466,GCGGTAACCAATTC,mou_075
467,GGAGCGCCACAATTC,ptw_003
468,CATAATTGCACAATTC,ptw_040
469,CTTATTACCACAATTC,hay_109
470,ACTGAATACAATTC,hay_128
471,GTAACCTAACAATTC,mng_136
472,ACCGTTACCACAATTC,mng_115
473,TAGTAATACAATTC,sou_033
474,CAGTCCTAACAATTC,sou_064
475,CTTAAGACCAATTC,cnt_007
476,CGGAGGCCACAATTC,cnt_040
477,AGAACTTGCACAATTC,mou_013
478,GACGAGACCAATTC,mou_079
479,ATAATGCCACAATTC,ptw_008
480,CAATTAATCACAATTC,ptw_042
481,CAGAGAGCCACAATTC,hay_112
482,GTAGCATACAATTC,hay_130
483,ACCTAGTAACAATTC,mng_117
484,CATTACGCCACAATTC,mng_122
485,ATCCGATACAATTC,sou_035
486,TGGACGTAACAATTC,sou_078
487,AGGACGACCAATTC,cnt_009
488,GCGTTGCCACAATTC,cnt_044
489,TTATGCATCACAATTC,mou_015
490,TATTGGACCAATTC,mou_081
491,TAGACTCCACAATTC,ptw_020
492,TATTCTATCACAATTC,ptw_049
493,CTATCGGCCACAATTC,hay_115
494,GCCTTATACAATTC,hay_134
495,GCTGCGTAACAATTC,mng_145
496,TGAGCTGCCACAATTC,mng_126
497,TGCTGCTACAATTC,sou_036
498,CTCAGGTAACAATTC,sou_079
499,CGCTTGACCAATTC,cnt_011
500,GATCGTCCACAATTC,cnt_052
501,GCTTGCCTCACAATTC,mou_043
502,TAGGCTACCAATTC,mou_083
503,CTCCTTCCACAATTC,ptw_022
504,AGCATGCTCACAATTC,ptw_070
505,GTCATTACCAATTC,hay_117
506,ACTAATCTCACAATTC,hay_136
507,CAACTTACCAATTC,mng_147
508,AACTCAGCACAATTC,mng_130
509,ATTCGCGTCACAATTC,sou_041
510,GATCAACCCAATTC,sou_088
511,GAGACCGCCAATTC,cnt_016
512,GCCGGCTCACAATTC,cnt_063
513,CTCTGATCGACAATTC,mou_045
514,GTTCCGGCCAATTC,mou_084
515,CTATGCTCACAATTC,ptw_023
516,ATTGGAAGGACAATTC,ptw_072
517,GAAGGAGCACAATTC,hay_118
518,TCCAAGGTCACAATTC,hay_139
519,GCAAGACCCAATTC,mng_149
520,ATGGTAGCACAATTC,mng_138
521,CATATGGTCACAATTC,sou_043
522,AGCCAGCCCAATTC,sou_090
523,AACTCGGCCAATTC,cnt_025
524,GAGATCTCACAATTC,cnt_069
525,CAGGTTAGGACAATTC,mou_056
526,CTAACTGCCAATTC,mou_086
527,GGCAAGTCACAATTC,ptw_029
528,ATGCTTGCCAATTC,ptw_074
529,CGTAACGCACAATTC,hay_122
530,GGCGTATTCACAATTC,hay_144
531,CCAGAGCCCAATTC,mng_101
532,GTCTACGCACAATTC,mng_141
533,CGAACCAAGACAATTC,sou_046
534,TTATCGCCCAATTC,sou_095
535,CCGAATTCACAATTC,cnt_029
536,ATATGCTGGACAATTC,cnt_071
537,CGGCAATCCAATTC,mou_068
538,GAATATTCACAATTC,mou_088
539,GGAATCTGGACAATTC,ptw_030
540,CTCTCATCCAATTC,ptw_027
541,ACGACCGCACAATTC,hay_126
542,TCGATGCCCAATTC,hay_148
543,AGCCTCGCACAATTC,mng_111
544,ACGTCCAAGACAATTC,mng_158
545,CAGTATCCCAATTC,sou_053
546,CCAGTCGCACAATTC,sou_099
547,AGTCATTGGACAATTC,cnt_032
548,GGTTGATCCAATTC,cnt_072
549,TAGCATATGACAATTC,mou_069
550,CATGACTCCAATTC,mou_093
551,GGCTCAAGACAATTC,ptw_037
552,TTATATCTGACAATTC,ptw_038
553,ACTACTCCCAATTC,ris_005
554,TGGCAGGCACAATTC,ris_045
555,ATACTCAAGACAATTC,grb_077
556,GGACCTCCCAATTC,grb_045
557,GATACGGCACAATTC,wwf_052
558,CAGAAGAAGACAATTC,wwf_045
559,ACGGCCTCCAATTC,osh_009
560,CCAGTTCTGACAATTC,osh_064
561,ATTAGCTCCAATTC,uho_006
562,AATCGAAGACAATTC,uho_043
563,CGGTCCTTGACAATTC,cfj_006
564,TGACTCTCCAATTC,cfj_066
565,CTCGGTCCCAATTC,ris_007
566,TCCGCTGCACAATTC,ris_050
567,AGGATTAAGACAATTC,grb_076
568,GGCGCAGCCAATTC,grb_049
569,CGGTCTGCACAATTC,wwf_082
570,AGATAAGAGACAATTC,wwf_050
571,CTCATAAGACAATTC,osh_017
572,ACGCCGTTGACAATTC,osh_067
573,GCGAATTCCAATTC,uho_010
574,GAGGTAAGACAATTC,uho_079
575,TGCGGCAATACAATTC,cfj_009
576,GATTCAAGCAATTC,cfj_069
577,CCATTAGCCAATTC,ris_009
578,CGCGCATCACAATTC,ris_062
579,TATACGGAGACAATTC,grb_068
580,CGCAACGCCAATTC,grb_053
581,TTGCGATCACAATTC,wwf_091
582,CGCGAATAGACAATTC,wwf_055
583,CGAACCAGACAATTC,osh_019
584,GCCGACGATACAATTC,osh_080
585,CTAATAAGCAATTC,uho_015
586,GTCCGCAGACAATTC,uho_100
587,TATAACTATACAATTC,cfj_016
588,ACGAGCAGCAATTC,cfj_071
589,ATAGACGCCAATTC,ris_014
590,ACTTGATCACAATTC,ris_076
591,TTCAGCTAGACAATTC,grb_026
592,GCTTACGCCAATTC,grb_060
593,AGAGACTCACAATTC,wwf_004
594,TCAACGACGACAATTC,wwf_058
595,CCTGGCAGACAATTC,osh_024
596,CCGCCTACTACAATTC,osh_083
597,GGCGGCAGCAATTC,uho_018
598,AACTTCAGACAATTC,uho_017
599,TGAGTACCTACAATTC,cfj_028
600,TCTACGAGCAATTC,cfj_074